CSEC-101,Fundamentals of Computing Security
CSCI-141,Computer Science I
CSCI-142,Computer Science II
MATH-181,Project-based Calculus I
MATH-182,Project-based Calculus II
MATH-190,Discrete Mathematics for Computing
NSSA-241,Introduction to Routing and Switching
ACSC-010,Year One
CSEC-201,Programming for Information Security
CSEC-202,Reverse Engineering Fundamentals
MATH-251,Probability and Statistics I
NSSA-221,System Administration
MATH-241,Linear Algebra
MATH-252,Probability and Statistics II
NSSA-245,Network Services
CSEC-099,Cooperative Education Seminar
CSEC-499,Cooperative Education (summer)
CSCI-462,Introduction to Cryptography
PUBL-363,Cyber Security Policy and Law
ISTE-230,Introduction to Database and Data Modeling
CSEC-472,Authentication and Security Models
CSEC-380,Principles of Web Application Security
CSEC-499,Cooperative Education (summer)
CSEC-490,Capstone in Computing Security
CSEC-101,Fundamentals of Computing Security
CSCI-141,Computer Science I
CSCI-142,Computer Science II
MATH-181,Project-based Calculus I
MATH-182,Project-based Calculus II
MATH-190,Discrete Mathematics for Computing
NSSA-241,Introduction to Routing and Switching
ACSC-010,Year One
CSEC-201,Programming for Information Security
MATH-251,Probability and Statistics I
CSEC-202,Reverse Engineering Fundamentals
MATH-241,Linear Algebra
MATH-252,Probability and Statistics II
NSSA-221,System Administration I
NSSA-245,Network Services
CSEC-099,Cooperative Education Seminar
CSEC-499,Cooperative Education (summer)
CSCI-462,Introduction to Cryptography
PUBL-363,Cyber Security Policy and Law
CSEC-472,Authentication and Security Models
ISTE-230,Introduction to Database and Data Modeling
CSEC-380,Principles of Web Application Security
CSEC-499,Cooperative Education (summer)
CSEC-490,Capstone in Computing Security (WI)
CSEC-742,Computer System Security
CSEC-604,Cryptography and Authentication
CSEC-101,Fundamentals of Computing Security
CSCI-141,Computer Science I
CSCI-142,Computer Science II
MATH-181,Project-based Calculus I
MATH-182,Project-based Calculus II
MATH-190,Discrete Mathematics for Computing
NSSA-241,Introduction to Routing and Switching
ACSC-010,Year One
CSEC-201,Programming for Information Security
MATH-251,Probability and Statistics I
CSEC-202,Reverse Engineering Fundamentals
MATH-241,Linear Algebra
NSSA-221,System Administration I
NSSA-245,Network Services
CSEC-099,Cooperative Education Seminar
CSEC-499,Cooperative Education (summer)
CSCI-462,Introduction to Cryptography
PUBL-363,Cyber Security Policy and Law
CSEC-472,Authentication and Security Models
ISTE-230,Introduction to Database and Data Modeling
CSEC-380,Principles of Web Application Security
CSEC-499,Cooperative Education (summer)
PUBL-701,Policy Analysis
PUBL-702,Graduate Decision Analysis
CSEC-490,Capstone in Computing Security (WI)
PUBL-700,Readings in Public Policy
PUBL-703,Program Evaluation and Research Design
STSO-740,Graduate Science and Technology Policy
4050-202,Introduction to UNIX/Linux Seminar
"1105-051, 052",First-Year Enrichment
4050-220,Cyber Self-Defense
"4002-208, 210","C++ Programming I, II"
4050-350,Computer System Fundamentals
4050-351,Network Fundamentals
1016-204,College Algebra
"1016-205, 206","Discrete Math for Technologists I, II"
4050-413,Application of Wireless Networks
4050-302,Scripting in Perl
4050-212,Client/Server Programming
4050-360,Information Security Policies
4050-515,Introduction to Routing and Switching
4050-421,System Administration I
4050-365,Cryptography and Authentication
1016-319,Data Analysis
4050-203,Co-op Preparation Seminar
4050-460,Introduction to Computer Malware
4050-516,Network Services
4002-415,Ethics in Information Technology
4002-455,Needs Assessment
NSSA-101,NSSA Fundamentals
ISTE-100,Computer Problem Solving: Network Dom I
STAT-145,Introduction to Statistics I
NSSA-102,Computer Systems Concepts
NSSA-161,Fundamentals of Information Security
ISTE-101,Computer Problem Solving: Network Dom II
ENGL-150,LAS Foundation 2: Writing Seminar
NSSA-241,Networking I
NSSA-362,Cryptography and Authentication
ISTE-230,Introduction to Database and Data Modeling
PHYS-111,College Physics I
NSSA-242,Networking II
NSSA-243,Networking Lab
NSSA-363,Cyber Security Policy and Law
PHYS-112,College Physics II
NSSA-220,Introduction to Scripting
MATH-181,Project-Based Calculus I
NSSA-221,Systems Administration I
MATH-182,Project-Based Calculus II
NSSA-322,Systems Administration II (WI)
NSSA-323,Systems Administration Lab (WI)
